-- phpMyAdmin SQL Dump
-- version 5.2.0
-- https://www.phpmyadmin.net/
--
-- Host: 127.0.0.1
-- Waktu pembuatan: 13 Des 2022 pada 16.26
-- Versi server: 10.4.27-MariaDB
-- Versi PHP: 8.0.25

SET SQL_MODE = "NO_AUTO_VALUE_ON_ZERO";
START TRANSACTION;
SET time_zone = "+00:00";


/*!40101 SET @OLD_CHARACTER_SET_CLIENT=@@CHARACTER_SET_CLIENT */;
/*!40101 SET @OLD_CHARACTER_SET_RESULTS=@@CHARACTER_SET_RESULTS */;
/*!40101 SET @OLD_COLLATION_CONNECTION=@@COLLATION_CONNECTION */;
/*!40101 SET NAMES utf8mb4 */;

--
-- Database: `db_restoran`
--

-- --------------------------------------------------------

--
-- Struktur dari tabel `tb_level`
--

CREATE TABLE `tb_level` (
  `id_level` int(11) NOT NULL,
  `nama_level` varchar(150) NOT NULL
) ENGINE=InnoDB DEFAULT CHARSET=latin1 COLLATE=latin1_swedish_ci;

--
-- Dumping data untuk tabel `tb_level`
--

INSERT INTO `tb_level` (`id_level`, `nama_level`) VALUES
(1, 'Administrator'),
(2, 'Chef Manager'),
(3, 'Kasir'),
(4, 'Owner'),
(5, 'Pelanggan');

-- --------------------------------------------------------

--
-- Struktur dari tabel `tb_masakan`
--

CREATE TABLE `tb_masakan` (
  `id_masakan` int(11) NOT NULL,
  `nama_masakan` varchar(150) NOT NULL,
  `deskripsi` varchar(300) DEFAULT NULL,
  `harga` varchar(150) NOT NULL,
  `stok` int(11) NOT NULL,
  `status_masakan` varchar(150) NOT NULL,
  `gambar_masakan` varchar(150) NOT NULL
) ENGINE=InnoDB DEFAULT CHARSET=latin1 COLLATE=latin1_swedish_ci;

--
-- Dumping data untuk tabel `tb_masakan`
--

INSERT INTO `tb_masakan` (`id_masakan`, `nama_masakan`, `deskripsi`, `harga`, `stok`, `status_masakan`, `gambar_masakan`) VALUES
(8, 'Beef Burger', 'Beef Burger sapi pilihan yang dibuat dengan kasih sayang', '20000', 198, 'tersedia', 'Beef Burger.png'),
(14, 'Kentang', 'Terbuat dari 100% kentang organik bebas peptisida', '10000', 73, 'tersedia', 'Kentang Goreng.png'),
(18, 'Tenderloin', 'Potongan daging sapi dalam yang selembut kapas', '35000', 6, 'tersedia', 'Tenderloin Steak.png'),
(19, 'Tomahawk', 'Sepotong daging iga sapi yang bersatu padu dengan tulang', '40000', 21, 'tersedia', 'Tomahawk.png');

-- --------------------------------------------------------

--
-- Struktur dari tabel `tb_order`
--

CREATE TABLE `tb_order` (
  `id_order` int(11) NOT NULL,
  `id_admin` int(11) DEFAULT NULL,
  `id_pengunjung` int(11) NOT NULL,
  `waktu_pesan` datetime NOT NULL,
  `no_meja` int(11) NOT NULL,
  `total_harga` varchar(150) NOT NULL,
  `uang_bayar` varchar(150) DEFAULT NULL,
  `uang_kembali` varchar(150) DEFAULT NULL,
  `status_order` varchar(150) NOT NULL
) ENGINE=InnoDB DEFAULT CHARSET=latin1 COLLATE=latin1_swedish_ci;

--
-- Dumping data untuk tabel `tb_order`
--

INSERT INTO `tb_order` (`id_order`, `id_admin`, `id_pengunjung`, `waktu_pesan`, `no_meja`, `total_harga`, `uang_bayar`, `uang_kembali`, `status_order`) VALUES
(25, 7, 1, '2022-12-11 22:46:25', 3, '20000', '20000', '0', 'sudah bayar'),
(27, 7, 17, '2022-12-13 22:11:33', 2, '115000', '120000', '5000', 'sudah bayar');

-- --------------------------------------------------------

--
-- Struktur dari tabel `tb_pesan`
--

CREATE TABLE `tb_pesan` (
  `id_pesan` int(11) NOT NULL,
  `id_user` int(11) NOT NULL,
  `id_order` int(11) DEFAULT NULL,
  `id_masakan` int(11) NOT NULL,
  `jumlah` int(11) DEFAULT NULL,
  `status_pesan` varchar(150) DEFAULT NULL
) ENGINE=InnoDB DEFAULT CHARSET=latin1 COLLATE=latin1_swedish_ci;

--
-- Dumping data untuk tabel `tb_pesan`
--

INSERT INTO `tb_pesan` (`id_pesan`, `id_user`, `id_order`, `id_masakan`, `jumlah`, `status_pesan`) VALUES
(57, 1, 25, 8, 1, 'sudah'),
(60, 17, 27, 19, 2, 'sudah'),
(61, 17, 27, 18, 1, 'sudah');

-- --------------------------------------------------------

--
-- Struktur dari tabel `tb_stok`
--

CREATE TABLE `tb_stok` (
  `id_stok` int(11) NOT NULL,
  `id_pesan` int(11) NOT NULL,
  `jumlah_terjual` int(11) DEFAULT NULL,
  `status_cetak` varchar(150) NOT NULL
) ENGINE=InnoDB DEFAULT CHARSET=latin1 COLLATE=latin1_swedish_ci;

--
-- Dumping data untuk tabel `tb_stok`
--

INSERT INTO `tb_stok` (`id_stok`, `id_pesan`, `jumlah_terjual`, `status_cetak`) VALUES
(1, 46, 1, 'belum cetak'),
(2, 47, 2, 'belum cetak'),
(3, 48, 2, 'belum cetak'),
(4, 49, 1, 'belum cetak'),
(5, 50, 2, 'belum cetak'),
(6, 51, 2, 'belum cetak'),
(7, 52, 2, 'belum cetak'),
(8, 53, 0, 'belum cetak'),
(9, 54, 0, 'belum cetak'),
(10, 55, 1, 'belum cetak'),
(11, 56, 2, 'belum cetak'),
(12, 57, 1, 'belum cetak'),
(13, 58, 2, 'belum cetak'),
(14, 59, 1, 'belum cetak'),
(15, 60, 2, 'belum cetak'),
(16, 61, 1, 'belum cetak'),
(17, 62, 0, 'belum cetak'),
(18, 63, 0, 'belum cetak'),
(19, 64, 0, 'belum cetak');

-- --------------------------------------------------------

--
-- Struktur dari tabel `tb_user`
--

CREATE TABLE `tb_user` (
  `id_user` int(11) NOT NULL,
  `username` varchar(150) NOT NULL,
  `password` varchar(150) NOT NULL,
  `nama_user` varchar(150) NOT NULL,
  `id_level` int(11) NOT NULL,
  `status` varchar(150) NOT NULL
) ENGINE=InnoDB DEFAULT CHARSET=latin1 COLLATE=latin1_swedish_ci;

--
-- Dumping data untuk tabel `tb_user`
--

INSERT INTO `tb_user` (`id_user`, `username`, `password`, `nama_user`, `id_level`, `status`) VALUES
(1, 'admin', '123', 'Aisyah', 1, 'aktif'),
(6, 'chefmanager', '123', 'Lisda', 2, 'aktif'),
(7, 'kasir', '123', 'Boy Pablo', 3, 'aktif'),
(8, 'silpani', '123', 'Silpani Yulisari', 4, 'aktif'),
(9, 'arash', '123', 'Arash Buana', 4, 'aktif'),
(11, 'niki', '123', 'Nicole Zefanya', 5, 'aktif'),
(12, 'kesi', '123', 'Sukesi', 5, 'aktif'),
(17, 'sindy', '123', 'Sindy Merdiriyani', 5, 'aktif');

--
-- Indexes for dumped tables
--

--
-- Indeks untuk tabel `tb_level`
--
ALTER TABLE `tb_level`
  ADD PRIMARY KEY (`id_level`);

--
-- Indeks untuk tabel `tb_masakan`
--
ALTER TABLE `tb_masakan`
  ADD PRIMARY KEY (`id_masakan`);

--
-- Indeks untuk tabel `tb_order`
--
ALTER TABLE `tb_order`
  ADD PRIMARY KEY (`id_order`),
  ADD KEY `id_admin` (`id_admin`),
  ADD KEY `id_pengunjung` (`id_pengunjung`);

--
-- Indeks untuk tabel `tb_pesan`
--
ALTER TABLE `tb_pesan`
  ADD PRIMARY KEY (`id_pesan`);

--
-- Indeks untuk tabel `tb_stok`
--
ALTER TABLE `tb_stok`
  ADD PRIMARY KEY (`id_stok`);

--
-- Indeks untuk tabel `tb_user`
--
ALTER TABLE `tb_user`
  ADD PRIMARY KEY (`id_user`),
  ADD UNIQUE KEY `username` (`username`),
  ADD KEY `id_level` (`id_level`);

--
-- AUTO_INCREMENT untuk tabel yang dibuang
--

--
-- AUTO_INCREMENT untuk tabel `tb_level`
--
ALTER TABLE `tb_level`
  MODIFY `id_level` int(11) NOT NULL AUTO_INCREMENT, AUTO_INCREMENT=6;

--
-- AUTO_INCREMENT untuk tabel `tb_masakan`
--
ALTER TABLE `tb_masakan`
  MODIFY `id_masakan` int(11) NOT NULL AUTO_INCREMENT, AUTO_INCREMENT=20;

--
-- AUTO_INCREMENT untuk tabel `tb_order`
--
ALTER TABLE `tb_order`
  MODIFY `id_order` int(11) NOT NULL AUTO_INCREMENT, AUTO_INCREMENT=28;

--
-- AUTO_INCREMENT untuk tabel `tb_pesan`
--
ALTER TABLE `tb_pesan`
  MODIFY `id_pesan` int(11) NOT NULL AUTO_INCREMENT, AUTO_INCREMENT=65;

--
-- AUTO_INCREMENT untuk tabel `tb_stok`
--
ALTER TABLE `tb_stok`
  MODIFY `id_stok` int(11) NOT NULL AUTO_INCREMENT, AUTO_INCREMENT=20;

--
-- AUTO_INCREMENT untuk tabel `tb_user`
--
ALTER TABLE `tb_user`
  MODIFY `id_user` int(11) NOT NULL AUTO_INCREMENT, AUTO_INCREMENT=18;

--
-- Ketidakleluasaan untuk tabel pelimpahan (Dumped Tables)
--

--
-- Ketidakleluasaan untuk tabel `tb_user`
--
ALTER TABLE `tb_user`
  ADD CONSTRAINT `tb_user_ibfk_1` FOREIGN KEY (`id_level`) REFERENCES `tb_level` (`id_level`);
COMMIT;

/*!40101 SET CHARACTER_SET_CLIENT=@OLD_CHARACTER_SET_CLIENT */;
/*!40101 SET CHARACTER_SET_RESULTS=@OLD_CHARACTER_SET_RESULTS */;
/*!40101 SET COLLATION_CONNECTION=@OLD_COLLATION_CONNECTION */;
